threshold,fpr,fnr,tpr,tnr,precision,recall,accuracy,f1,eer_diff,eer_value
0,0.0006377551020408163,1.0,0.0,0.9993622448979592,0.0,0.0,0.5205980066445183,0.0,0.9993622448979592,0.5003188775510204
6,0.26721938775510207,0.9306518723994452,0.06934812760055478,0.732780612244898,0.1926782273603083,0.06934812760055478,0.4149501661129568,0.10198878123406424,0.6634324846443431,0.5989356300772737
7,0.36543367346938777,0.7850208044382802,0.21497919556171982,0.6345663265306123,0.3510758776896942,0.21497919556171982,0.4335548172757475,0.26666666666666666,0.4195871309688924,0.575227238953834
8,0.5102040816326531,0.6380027739251041,0.361997226074896,0.4897959183673469,0.394856278366112,0.361997226074896,0.42857142857142855,0.3777134587554269,0.127798692292451,0.5741034277788786
9,0.7276785714285714,0.3377253814147018,0.6622746185852982,0.27232142857142855,0.4556297709923664,0.6622746185852982,0.4591362126245847,0.5398530243075184,0.3899531900138696,0.5327019764216366
10,0.8992346938775511,0.1678224687933426,0.8321775312066574,0.10076530612244898,0.45977011494252873,0.8321775312066574,0.4511627906976744,0.5923000987166831,0.7314122250842084,0.5335285813354468
