{
  "run_name": "pp-result",
  "model": "VisualPhishNet",
  "class_metrics": {
    "f1_weighted": 0.1532711487081391,
    "roc_auc": 0.1017799352750809,
    "mcc": -0.6159896808415136,
    "precision": 0.26178794056664356,
    "recall": 0.10177993527508092
  },
  "target_metrics": {
    "target_f1_micro": 0.10034278591461515,
    "target_f1_macro": 0.03336671629728851,
    "target_f1_weighted": 0.14521855956319832,
    "target_mcc": 0.011120616867585227,
    "precision": 0.08191683459025549,
    "recall": 0.027061486572741846,
    "identification_rate": 1.0
  },
  "summary": {
    "total_samples": 3209,
    "phishing_samples": 2900,
    "benign_samples": 309,
    "predicted_phishing": 567,
    "predicted_benign": 2642
  },
  "distance_stats": {
    "benign_pred_mean": 8.470967967883825,
    "benign_pred_std": 3.721293319960432,
    "phishing_pred_mean": 1.1724178671290268,
    "phishing_pred_std": 1.15027986579123
  }
}
