{
  "run_name": "vp-result",
  "model": "VisualPhishNet",
  "class_metrics": {
    "f1_weighted": 0.6013147242008376,
    "roc_auc": 0.5886779863456065,
    "mcc": 0.16927874984220417,
    "precision": 0.5807846916946802,
    "recall": 0.5886779863456065
  },
  "target_metrics": {
    "target_f1_micro": 0.3923908989183141,
    "target_f1_macro": 0.004726192004509351,
    "target_f1_weighted": 0.4296677059440239,
    "target_mcc": 0.06935676992813566,
    "precision": 0.005216163009752583,
    "recall": 0.006321638244338831,
    "identification_rate": 0.0037243947858473
  },
  "summary": {
    "total_samples": 2681,
    "phishing_samples": 929,
    "benign_samples": 1752,
    "predicted_phishing": 1239,
    "predicted_benign": 1442
  },
  "distance_stats": {
    "benign_pred_mean": 61.94834846464837,
    "benign_pred_std": 9.802183119214362,
    "phishing_pred_mean": 40.76221806123624,
    "phishing_pred_std": 6.420465388750895
  }
}
