metric_type,metric_name,value
class,f1_weighted,0.6013147242008376
class,roc_auc,0.5886779863456065
class,mcc,0.16927874984220417
class,precision,0.5807846916946802
class,recall,0.5886779863456065
target,target_f1_micro,0.3923908989183141
target,target_f1_macro,0.004726192004509351
target,target_f1_weighted,0.4296677059440239
target,target_mcc,0.06935676992813566
target,precision,0.005216163009752583
target,recall,0.006321638244338831
target,identification_rate,0.0037243947858473
