threshold,f1_weighted,mcc,target_mcc
20,0.6590271179359701,0.22860020228485076,0.12504167823155585
