{
  "bins": [
    0.0,
    0.3018302528225646,
    0.6036605056451292,
    0.9054907584676938,
    1.2073210112902584,
    1.5091512641128229,
    1.8109815169353876,
    2.1128117697579523,
    2.4146420225805167,
    2.7164722754030812,
    3.0183025282256457,
    3.3201327810482106,
    3.621963033870775,
    3.9237932866933396,
    4.2256235395159045,
    4.527453792338469,
    4.8292840451610335,
    5.131114297983598,
    5.4329445508061625,
    5.734774803628727,
    6.036605056451291,
    6.338435309273857,
    6.640265562096421,
    6.942095814918986,
    7.24392606774155,
    7.545756320564115,
    7.847586573386679,
    8.149416826209244,
    8.451247079031809,
    8.753077331854373,
    9.054907584676938,
    9.356737837499502,
    9.658568090322067,
    9.960398343144632,
    10.262228595967196,
    10.564058848789761,
    10.865889101612325,
    11.16771935443489,
    11.469549607257454,
    11.77137986008002,
    12.073210112902583,
    12.375040365725148,
    12.676870618547714,
    12.978700871370277,
    13.280531124192843,
    13.582361377015406,
    13.884191629837972,
    14.186021882660535,
    14.4878521354831,
    14.789682388305664
  ],
  "hist_benign_density": [
    0.008451838025868536,
    0.0,
    0.0,
    0.0,
    0.0,
    0.002112959506467133,
    0.0,
    0.006338878519401404,
    0.004225919012934269,
    0.004225919012934269,
    0.0,
    0.006338878519401404,
    0.15002012495916656,
    0.2662328978148586,
    0.014790716545269943,
    0.03592031160994129,
    0.03380735210347415,
    0.07184062321988258,
    0.08663133976515253,
    0.21129595064671347,
    0.05704990667461247,
    0.0908572587780868,
    0.14579420594623227,
    0.1394553274268309,
    0.10353501581688959,
    0.15002012495916656,
    0.18594043656910783,
    0.20918299114024572,
    0.24087738373725406,
    0.22819962669844987,
    0.16692380101090415,
    0.12889052989449484,
    0.21129595064671286,
    0.09930909680395561,
    0.05071102815521108,
    0.07606654223281707,
    0.038033271116408314,
    0.029581433090539972,
    0.023242554571138413,
    0.006338878519401422,
    0.006338878519401385,
    0.01267775703880277,
    0.006338878519401422,
    0.0,
    0.004225919012934281,
    0.0,
    0.0,
    0.0,
    0.0
  ],
  "hist_phish_density": [
    0.0,
    0.0,
    0.0,
    0.0,
    0.0,
    0.0,
    0.0,
    0.0,
    0.0,
    0.0,
    0.0,
    0.0,
    0.00919034814463375,
    0.02297587036158434,
    0.006892761108475314,
    0.0,
    0.032166218506218126,
    0.036761392578535,
    0.05284450183164407,
    0.07352278515707,
    0.15853350549493173,
    0.17461661474804127,
    0.11028417773560502,
    0.11258176477176343,
    0.1033914166271297,
    0.16083109253109062,
    0.20448524621810094,
    0.21137800732657566,
    0.4388391239062629,
    0.31476942395370505,
    0.1998900721457847,
    0.17691420178419917,
    0.133260048097189,
    0.17921178882035868,
    0.06892761108475293,
    0.08041554626554555,
    0.11487935180792155,
    0.062034849976278,
    0.027571044433901168,
    0.018380696289267556,
    0.009190348144633724,
    0.0,
    0.013785522216950665,
    0.002297587036158431,
    0.0,
    0.0,
    0.0,
    0.0,
    0.0022975870361584445
  ],
  "x_range": [
    0.0,
    0.074320012001536,
    0.148640024003072,
    0.222960036004608,
    0.297280048006144,
    0.37160006000768,
    0.445920072009216,
    0.520240084010752,
    0.594560096012288,
    0.668880108013824,
    0.74320012001536,
    0.817520132016896,
    0.891840144018432,
    0.966160156019968,
    1.040480168021504,
    1.11480018002304,
    1.189120192024576,
    1.263440204026112,
    1.337760216027648,
    1.412080228029184,
    1.48640024003072,
    1.560720252032256,
    1.635040264033792,
    1.709360276035328,
    1.783680288036864,
    1.8580003000384,
    1.932320312039936,
    2.006640324041472,
    2.080960336043008,
    2.155280348044544,
    2.22960036004608,
    2.303920372047616,
    2.378240384049152,
    2.452560396050688,
    2.526880408052224,
    2.6012004200537597,
    2.675520432055296,
    2.749840444056832,
    2.824160456058368,
    2.898480468059904,
    2.97280048006144,
    3.0471204920629757,
    3.121440504064512,
    3.195760516066048,
    3.270080528067584,
    3.34440054006912,
    3.418720552070656,
    3.4930405640721918,
    3.567360576073728,
    3.641680588075264,
    3.7160006000768,
    3.790320612078336,
    3.864640624079872,
    3.938960636081408,
    4.013280648082944,
    4.08760066008448,
    4.161920672086016,
    4.2362406840875515,
    4.310560696089088,
    4.384880708090624,
    4.45920072009216,
    4.533520732093696,
    4.607840744095232,
    4.682160756096768,
    4.756480768098304,
    4.83080078009984,
    4.905120792101376,
    4.979440804102912,
    5.053760816104448,
    5.1280808281059835,
    5.2024008401075195,
    5.276720852109056,
    5.351040864110592,
    5.425360876112128,
    5.499680888113664,
    5.5740009001152,
    5.648320912116736,
    5.722640924118272,
    5.796960936119808,
    5.871280948121344,
    5.94560096012288,
    6.019920972124416,
    6.0942409841259515,
    6.168560996127487,
    6.242881008129024,
    6.31720102013056,
    6.391521032132096,
    6.465841044133632,
    6.540161056135168,
    6.614481068136704,
    6.68880108013824,
    6.763121092139776,
    6.837441104141312,
    6.911761116142848,
    6.9860811281443835,
    7.0604011401459195,
    7.134721152147456,
    7.209041164148992,
    7.283361176150528,
    7.357681188152064,
    7.4320012001536,
    7.506321212155136,
    7.580641224156672,
    7.654961236158208,
    7.729281248159744,
    7.80360126016128,
    7.877921272162816,
    7.9522412841643515,
    8.026561296165887,
    8.100881308167423,
    8.17520132016896,
    8.249521332170495,
    8.323841344172031,
    8.398161356173567,
    8.472481368175103,
    8.546801380176639,
    8.621121392178177,
    8.695441404179713,
    8.769761416181248,
    8.844081428182784,
    8.91840144018432,
    8.992721452185856,
    9.067041464187392,
    9.141361476188928,
    9.215681488190464,
    9.290001500192,
    9.364321512193536,
    9.438641524195072,
    9.512961536196608,
    9.587281548198144,
    9.66160156019968,
    9.735921572201216,
    9.810241584202751,
    9.884561596204287,
    9.958881608205823,
    10.03320162020736,
    10.107521632208895,
    10.181841644210431,
    10.256161656211967,
    10.330481668213503,
    10.404801680215039,
    10.479121692216577,
    10.553441704218113,
    10.627761716219648,
    10.702081728221184,
    10.77640174022272,
    10.850721752224256,
    10.925041764225792,
    10.999361776227328,
    11.073681788228864,
    11.1480018002304,
    11.222321812231936,
    11.296641824233472,
    11.370961836235008,
    11.445281848236544,
    11.51960186023808,
    11.593921872239616,
    11.668241884241151,
    11.742561896242687,
    11.816881908244223,
    11.89120192024576,
    11.965521932247295,
    12.039841944248831,
    12.114161956250367,
    12.188481968251903,
    12.262801980253439,
    12.337121992254975,
    12.411442004256513,
    12.485762016258048,
    12.560082028259584,
    12.63440204026112,
    12.708722052262656,
    12.783042064264192,
    12.857362076265728,
    12.931682088267264,
    13.0060021002688,
    13.080322112270336,
    13.154642124271872,
    13.228962136273408,
    13.303282148274944,
    13.37760216027648,
    13.451922172278016,
    13.526242184279551,
    13.600562196281087,
    13.674882208282623,
    13.74920222028416,
    13.823522232285695,
    13.897842244287231,
    13.972162256288767,
    14.046482268290303,
    14.120802280291839,
    14.195122292293375,
    14.269442304294913,
    14.343762316296448,
    14.418082328297984,
    14.49240234029952,
    14.566722352301056,
    14.641042364302592,
    14.715362376304128,
    14.789682388305664
  ],