{
  "bins": [
    0.0,
    0.493804153130979,
    0.987608306261958,
    1.481412459392937,
    1.975216612523916,
    2.469020765654895,
    2.962824918785874,
    3.456629071916853,
    3.950433225047832,
    4.444237378178811,
    4.93804153130979,
    5.431845684440769,
    5.925649837571748,
    6.419453990702727,
    6.913258143833706,
    7.407062296964685,
    7.900866450095664,
    8.394670603226643,
    8.888474756357622,
    9.382278909488601,
    9.87608306261958,
    10.369887215750559,
    10.863691368881538,
    11.357495522012517,
    11.851299675143496,
    12.345103828274475,
    12.838907981405454,
    13.332712134536433,
    13.826516287667411,
    14.32032044079839,
    14.81412459392937,
    15.307928747060348,
    15.801732900191327,
    16.295537053322306,
    16.789341206453287,
    17.283145359584264,
    17.776949512715245,
    18.27075366584622,
    18.764557818977202,
    19.25836197210818,
    19.75216612523916,
    20.245970278370137,
    20.739774431501118,
    21.233578584632095,
    21.727382737763076,
    22.221186890894053,
    22.714991044025034,
    23.20879519715601,
    23.70259935028699,
    24.19640350341797
  ],
  "hist_benign_density": [
    1.454922153623895,
    0.1310740678940446,
    0.06553703394702229,
    0.05898333055232007,
    0.05898333055232005,
    0.07209073734172454,
    0.013107406789404462,
    0.05898333055232007,
    0.03276851697351112,
    0.0,
    0.006553703394702231,
    0.013107406789404462,
    0.019661110184106694,
    0.0,
    0.013107406789404462,
    0.0,
    0.006553703394702219,
    0.0,
    0.006553703394702231,
    0.006553703394702231,
    0.006553703394702231,
    0.0,
    0.0,
    0.0,
    0.0,
    0.0,
    0.0,
    0.0,
    0.0,
    0.0,
    0.0,
    0.0,
    0.0,
    0.0,
    0.0,
    0.0,
    0.0,
    0.0,
    0.0,
    0.0,
    0.0,
    0.0,
    0.0,
    0.0,
    0.0,
    0.0,
    0.0,
    0.0,
    0.0
  ],
  "hist_phish_density": [
    0.016061093112465084,
    0.03701034499828911,
    0.01047462594291201,
    0.015362784716270953,
    0.032122186224930155,
    0.0998581006557612,
    0.08030546556232543,
    0.057261288487919004,
    0.05097651292217175,
    0.0977631754671788,
    0.08728854952426678,
    0.07681392358135476,
    0.04399342896023046,
    0.3470592729084847,
    0.08240039075090784,
    0.06005452207269555,
    0.04329512056403624,
    0.06214944726127795,
    0.07821054037374303,
    0.058657905280307274,
    0.046088354148812856,
    0.03421711141351257,
    0.05795959688411314,
    0.03701034499828911,
    0.07541730678896649,
    0.05237312971456007,
    0.057261288487919004,
    0.029328952640153637,
    0.040501886979259785,
    0.046088354148812856,
    0.03421711141351257,
    0.026535719055377098,
    0.009776317546717879,
    0.00768139235813545,
    0.00418985037716482,
    0.006983083961941317,
    0.00209492518858241,
    0.0034915419809706584,
    0.0013966167923882733,
    0.0027932335847765267,
    0.00209492518858241,
    0.0,
    0.0,
    0.0,
    0.0,
    0.0,
    0.0,
    0.002094925188582395,
    0.00837970075432964
  ],
  "x_range": [
    0.0,
    0.12158996735385914,
    0.2431799347077183,
    0.36476990206157744,
    0.4863598694154366,
    0.6079498367692957,
    0.7295398041231549,
    0.851129771477014,
    0.9727197388308731,
    1.0943097061847322,
    1.2158996735385914,
    1.3374896408924506,
    1.4590796082463098,
    1.580669575600169,
    1.702259542954028,
    1.8238495103078871,
    1.9454394776617463,
    2.0670294450156055,
    2.1886194123694644,
    2.310209379723324,
    2.431799347077183,
    2.5533893144310422,
    2.674979281784901,
    2.79656924913876,
    2.9181592164926196,
    3.0397491838464785,
    3.161339151200338,
    3.282929118554197,
    3.404519085908056,
    3.5261090532619153,
    3.6476990206157742,
    3.7692889879696336,
    3.8908789553234926,
    4.012468922677352,
    4.134058890031211,
    4.25564885738507,
    4.377238824738929,
    4.498828792092788,
    4.620418759446648,
    4.742008726800506,
    4.863598694154366,
    4.985188661508225,
    5.1067786288620844,
    5.228368596215943,
    5.349958563569802,
    5.471548530923662,
    5.59313849827752,
    5.71472846563138,
    5.836318432985239,
    5.957908400339098,
    6.079498367692957,
    6.2010883350468164,
    6.322678302400676,
    6.444268269754534,
    6.565858237108394,
    6.687448204462253,
    6.809038171816112,
    6.930628139169971,
    7.0522181065238305,
    7.173808073877689,
    7.2953980412315484,
    7.416988008585408,
    7.538577975939267,
    7.660167943293126,
    7.781757910646985,
    7.903347878000845,
    8.024937845354703,
    8.146527812708563,
    8.268117780062422,
    8.389707747416281,
    8.51129771477014,
    8.632887682123998,
    8.754477649477858,
    8.876067616831717,
    8.997657584185577,
    9.119247551539436,
    9.240837518893295,
    9.362427486247155,
    9.484017453601012,
    9.605607420954872,
    9.727197388308731,
    9.84878735566259,
    9.97037732301645,
    10.09196729037031,
    10.213557257724169,
    10.335147225078027,
    10.456737192431886,
    10.578327159785745,
    10.699917127139605,
    10.821507094493464,
    10.943097061847324,
    11.064687029201181,
    11.18627699655504,
    11.3078669639089,
    11.42945693126276,
    11.551046898616619,
    11.672636865970478,
    11.794226833324338,
    11.915816800678195,
    12.037406768032055,
    12.158996735385914,
    12.280586702739773,
    12.402176670093633,
    12.523766637447492,
    12.645356604801352,
    12.76694657215521,
    12.888536539509069,
    13.010126506862928,
    13.131716474216788,
    13.253306441570647,
    13.374896408924506,
    13.496486376278366,
    13.618076343632223,
    13.739666310986083,
    13.861256278339942,
    13.982846245693802,
    14.104436213047661,
    14.22602618040152,
    14.347616147755378,
    14.469206115109237,
    14.590796082463097,
    14.712386049816956,
    14.833976017170816,
    14.955565984524675,
    15.077155951878535,
    15.198745919232392,
    15.320335886586252,
    15.441925853940111,
    15.56351582129397,
    15.68510578864783,
    15.80669575600169,
    15.928285723355549,
    16.049875690709406,
    16.171465658063266,
    16.293055625417125,
    16.414645592770984,
    16.536235560124844,
    16.657825527478703,
    16.779415494832563,
    16.901005462186422,
    17.02259542954028,
    17.14418539689414,
    17.265775364247997,
    17.387365331601856,
    17.508955298955716,
    17.630545266309575,
    17.752135233663434,
    17.873725201017294,
    17.995315168371153,
    18.116905135725013,
    18.238495103078872,
    18.36008507043273,
    18.48167503778659,
    18.60326500514045,
    18.72485497249431,
    18.846444939848165,
    18.968034907202025,
    19.089624874555884,
    19.211214841909744,
    19.332804809263603,
    19.454394776617463,
    19.575984743971322,
    19.69757471132518,
    19.81916467867904,
    19.9407546460329,
    20.06234461338676,
    20.18393458074062,
    20.30552454809448,
    20.427114515448338,
    20.548704482802194,
    20.670294450156053,
    20.791884417509912,
    20.913474384863772,
    21.03506435221763,
    21.15665431957149,
    21.27824428692535,
    21.39983425427921,
    21.52142422163307,
    21.64301418898693,
    21.764604156340788,
    21.886194123694647,
    22.007784091048507,
    22.129374058402362,
    22.250964025756222,
    22.37255399311008,
    22.49414396046394,
    22.6157339278178,
    22.73732389517166,
    22.85891386252552,
    22.98050382987938,
    23.102093797233238,
    23.223683764587097,
    23.345273731940956,
    23.466863699294816,
    23.588453666648675,
    23.710043634002535,
    23.83163360135639,
    23.95322356871025,
    24.07481353606411,
    24.19640350341797
  ],