{
  "bins": [
    0.0,
    2.257359251684072,
    4.514718503368144,
    6.772077755052216,
    9.029437006736288,
    11.28679625842036,
    13.544155510104432,
    15.801514761788503,
    18.058874013472575,
    20.316233265156647,
    22.57359251684072,
    24.83095176852479,
    27.088311020208863,
    29.345670271892935,
    31.603029523577007,
    33.86038877526108,
    36.11774802694515,
    38.37510727862922,
    40.632466530313295,
    42.88982578199737,
    45.14718503368144,
    47.40454428536551,
    49.66190353704958,
    51.919262788733654,
    54.176622040417726,
    56.4339812921018,
    58.69134054378587,
    60.94869979546994,
    63.206059047154014,
    65.46341829883809,
    67.72077755052216,
    69.97813680220622,
    72.2354960538903,
    74.49285530557438,
    76.75021455725845,
    79.00757380894251,
    81.26493306062659,
    83.52229231231067,
    85.77965156399473,
    88.0370108156788,
    90.29437006736288,
    92.55172931904696,
    94.80908857073102,
    97.06644782241509,
    99.32380707409916,
    101.58116632578324,
    103.83852557746731,
    106.09588482915137,
    108.35324408083545,
    110.61060333251953
  ],
  "hist_benign_density": [
    0.0,
    0.0,
    0.0,
    0.0,
    0.0,
    0.0,
    0.0,
    0.0,
    0.0,
    0.000505991438334526,
    0.000505991438334526,
    0.0025299571916726302,
    0.0032889443491744192,
    0.006324892979181576,
    0.011890798800861363,
    0.014673751711701256,
    0.016444721745872096,
    0.017962696060875676,
    0.018721683218377465,
    0.023781597601722725,
    0.029600499142569774,
    0.02352860188255546,
    0.032130456334242406,
    0.031371469176740614,
    0.025805563355060828,
    0.02782952910839893,
    0.028082524827566197,
    0.0232756061633882,
    0.023022610444220864,
    0.01720370890337394,
    0.015432738869203093,
    0.00784286729418513,
    0.006324892979181556,
    0.007336875855850651,
    0.006577888698348859,
    0.003794935787508933,
    0.00455392294501072,
    0.0020239657533381106,
    0.0005059914383345277,
    0.001011982876669049,
    0.00227696147250536,
    0.003035948630007166,
    0.001517974315003583,
    0.001011982876669049,
    0.00025299571916726225,
    0.0005059914383345277,
    0.0002529957191672638,
    0.0,
    0.00025299571916726225
  ],
  "hist_phish_density": [
    0.0,
    0.0,
    0.0,
    0.0,
    0.0,
    0.0,
    0.0,
    0.0,
    0.0004768519959761868,
    0.0009537039919523736,
    0.0023842599798809343,
    0.0023842599798809343,
    0.008106483931595175,
    0.006199075947690428,
    0.021458339818928404,
    0.015259263871237978,
    0.030041675746499772,
    0.03624075169419019,
    0.030041675746499772,
    0.038625011674071126,
    0.036717603690166384,
    0.033379639718333076,
    0.026226859778690274,
    0.021458339818928404,
    0.017166671855142725,
    0.022412043810880782,
    0.015736115867214163,
    0.017166671855142725,
    0.015259263871237931,
    0.010967595907452332,
    0.009060187923547578,
    0.004768519959761853,
    0.0014305559879285558,
    0.0023842599798809413,
    0.0047685199597618825,
    0.0038148159678094828,
    0.0033379639718332968,
    0.0023842599798809413,
    0.00047685199597618833,
    0.0,
    0.0,
    0.00047685199597618833,
    0.0009537039919523767,
    0.00047685199597618535,
    0.0,
    0.0,
    0.0,
    0.0,
    0.0
  ],
  "x_range": [
    0.0,
    0.5558321775503494,
    1.1116643551006988,
    1.6674965326510482,
    2.2233287102013977,
    2.779160887751747,
    3.3349930653020965,
    3.890825242852446,
    4.446657420402795,
    5.0024895979531445,
    5.558321775503494,
    6.114153953053844,
    6.669986130604193,
    7.225818308154542,
    7.781650485704892,
    8.33748266325524,
    8.89331484080559,
    9.44914701835594,
    10.004979195906289,
    10.56081137345664,
    11.116643551006987,
    11.672475728557338,
    12.228307906107688,
    12.784140083658036,
    13.339972261208386,
    13.895804438758736,
    14.451636616309084,
    15.007468793859434,
    15.563300971409785,
    16.119133148960135,
    16.67496532651048,
    17.23079750406083,
    17.78662968161118,
    18.34246185916153,
    18.89829403671188,
    19.454126214262228,
    20.009958391812578,
    20.565790569362928,
    21.12162274691328,
    21.67745492446363,
    22.233287102013975,
    22.789119279564325,
    23.344951457114675,
    23.900783634665025,
    24.456615812215375,
    25.012447989765725,
    25.568280167316072,
    26.124112344866422,
    26.679944522416772,
    27.235776699967122,
    27.791608877517472,
    28.34744105506782,
    28.90327323261817,
    29.45910541016852,
    30.01493758771887,
    30.57076976526922,
    31.12660194281957,
    31.682434120369916,
    32.23826629792027,
    32.79409847547061,
    33.34993065302096,
    33.90576283057131,
    34.46159500812166,
    35.01742718567201,
    35.57325936322236,
    36.12909154077271,
    36.68492371832306,
    37.24075589587341,
    37.79658807342376,
    38.35242025097411,
    38.908252428524456,
    39.464084606074806,
    40.019916783625156,
    40.575748961175506,
    41.131581138725856,
    41.687413316276206,
    42.24324549382656,
    42.79907767137691,
    43.35490984892726,
    43.91074202647761,
    44.46657420402795,
    45.0224063815783,
    45.57823855912865,
    46.134070736679,
    46.68990291422935,
    47.2457350917797,
    47.80156726933005,
    48.3573994468804,
    48.91323162443075,
    49.4690638019811,
    50.02489597953145,
    50.58072815708179,
    51.136560334632144,
    51.692392512182494,
    52.248224689732844,
    52.804056867283194,
    53.359889044833544,
    53.915721222383894,
    54.471553399934244,
    55.027385577484594,
    55.583217755034944,
    56.139049932585294,
    56.69488211013564,
    57.25071428768599,
    57.80654646523634,
    58.36237864278669,
    58.91821082033704,
    59.47404299788739,
    60.02987517543774,
    60.58570735298809,
    61.14153953053844,
    61.69737170808879,
    62.25320388563914,
    62.80903606318948,
    63.36486824073983,
    63.92070041829018,
    64.47653259584054,
    65.03236477339088,
    65.58819695094122,
    66.14402912849158,
    66.69986130604192,
    67.25569348359228,
    67.81152566114262,
    68.36735783869298,
    68.92319001624332,
    69.47902219379368,
    70.03485437134403,
    70.59068654889438,
    71.14651872644473,
    71.70235090399507,
    72.25818308154543,
    72.81401525909577,
    73.36984743664613,
    73.92567961419647,
    74.48151179174683,
    75.03734396929717,
    75.59317614684753,
    76.14900832439787,
    76.70484050194823,
    77.26067267949857,
    77.81650485704891,
    78.37233703459927,
    78.92816921214961,
    79.48400138969997,
    80.03983356725031,
    80.59566574480067,
    81.15149792235101,
    81.70733009990137,
    82.26316227745171,
    82.81899445500207,
    83.37482663255241,
    83.93065881010276,
    84.48649098765311,
    85.04232316520346,
    85.59815534275381,
    86.15398752030416,
    86.70981969785451,
    87.26565187540486,
    87.82148405295521,
    88.37731623050556,
    88.9331484080559,
    89.48898058560626,
    90.0448127631566,
    90.60064494070696,
    91.1564771182573,
    91.71230929580766,
    92.268141473358,
    92.82397365090836,
    93.3798058284587,
    93.93563800600906,
    94.4914701835594,
    95.04730236110974,
    95.6031345386601,
    96.15896671621044,
    96.7147988937608,
    97.27063107131114,
    97.8264632488615,
    98.38229542641184,
    98.9381276039622,
    99.49395978151254,
    100.0497919590629,
    100.60562413661324,
    101.16145631416359,
    101.71728849171394,
    102.27312066926429,
    102.82895284681464,
    103.38478502436499,
    103.94061720191534,
    104.49644937946569,
    105.05228155701604,
    105.60811373456639,
    106.16394591211674,
    106.71977808966709,
    107.27561026721743,
    107.83144244476779,
    108.38727462231813,
    108.94310679986849,
    109.49893897741883,
    110.05477115496919,
