threshold,class_metrics,target_metrics
17,"{'f1_weighted': 0.9069706186492483, 'roc_auc': np.float64(0.8000063479972069), 'mcc': np.float64(0.5563474919104278), 'precision': 0.757929985333098, 'recall': 0.8000063479972068}","{'target_f1_micro': 0.5465607571404428, 'target_f1_macro': 0.34767191959051275, 'target_f1_weighted': 0.5293843237121659, 'target_mcc': np.float64(0.49442345031601104), 'precision': 0.3099011434126257, 'recall': 0.4783747940836499, 'identification_rate': np.float64(0.5692715772291369)}"
