threshold,class_metrics,target_metrics
42,"{'f1_weighted': 0.7060518092899655, 'roc_auc': np.float64(0.6877841593307479), 'mcc': np.float64(0.365408104163617), 'precision': 0.67776137649778, 'recall': 0.6877841593307479}","{'target_f1_micro': 0.49011562849682955, 'target_f1_macro': 0.03189827542864462, 'target_f1_weighted': 0.5078619023019572, 'target_mcc': np.float64(0.15569532274201975), 'precision': 0.031559546546035114, 'recall': 0.03567838640320135, 'identification_rate': np.float64(0.04697986577181208)}"
