threshold,class_metrics,target_metrics
42,"{'f1_weighted': 0.8268465323384211, 'roc_auc': np.float64(0.8200890704014274), 'mcc': np.float64(0.6293997256858327), 'precision': 0.8094013911476208, 'recall': 0.8200890704014274}","{'target_f1_micro': 0.7009386596812923, 'target_f1_macro': 0.41113552246803625, 'target_f1_weighted': 0.7067676900457319, 'target_mcc': np.float64(0.508900509331115), 'precision': 0.4178228559736225, 'recall': 0.4313680105527262, 'identification_rate': np.float64(0.5678544351781653)}"
