threshold,class_metrics,target_metrics
17,"{'f1_weighted': 0.837255979181134, 'roc_auc': np.float64(0.5836017185581966), 'mcc': np.float64(0.14493470649713908), 'precision': 0.5628159011252536, 'recall': 0.5836017185581966}","{'target_f1_micro': 0.14770956684325334, 'target_f1_macro': 0.02423364203949775, 'target_f1_weighted': 0.15653146468598095, 'target_mcc': np.float64(0.04886579006230139), 'precision': 0.027069943480670905, 'recall': 0.024626674565477895, 'identification_rate': np.float64(0.1508401719421649)}"
