threshold,class_metrics,target_metrics
27,"{'f1_weighted': 0.9179852436672201, 'roc_auc': np.float64(0.7759135955605484), 'mcc': np.float64(0.5391182343485643), 'precision': 0.7633509867614802, 'recall': 0.7759135955605483}","{'target_f1_micro': 0.546729761703566, 'target_f1_macro': 0.35154271749409555, 'target_f1_weighted': 0.529522102462052, 'target_mcc': np.float64(0.4939088408676866), 'precision': 0.3093009463157496, 'recall': 0.4789440590184807, 'identification_rate': np.float64(0.5687007874015748)}"
